sourceId,name,group,decision,use,selected,catalogueDocuments,importType,sampleEndpoint,sampled,probeStatuses,observedFamilies,observedRegionalRecords,licence,licenceClass,terms,notes,catalogueUrl,originUrl
"Bxx2ekr8iguaDTzHR","HVV-Aufzüge","equipment / status","hold / unavailable","Context for explicitly linked station or venue; later phase","false","0","equipmentInfos","","0","equipment-infos:200; place-infos:200; disruptions:404","[]","{}","Copyright © 2018 HVV GmbH","restricted","permission / terms review","[""No rows from place/equipment probes; not proof of no upstream data""]","https://www.accessibility.cloud/sources/Bxx2ekr8iguaDTzHR","https://www.hvv.de"
"GaRjxFAmzo59826M2","AWO Düsseldorf","venue survey / place guide","future region / capability","Existing places plus explicit practical facts; no broad suitability inference","false","29","placeInfos","place-infos","3","place-infos:200","[""dog policy"",""Wi-Fi"",""entrances"",""toilet detail"",""access summary"",""hearing/media support""]","{}","Open Data Licence Version 2.0","CCBY","catalogue marks reusable; verify source terms","[]","https://www.accessibility.cloud/sources/GaRjxFAmzo59826M2","https://www.awo-duesseldorf.de/"
"57HZPLZfYaDwNxLFY","Bochum Places","venue survey / place guide","future region / capability","Existing places plus explicit practical facts; no broad suitability inference","false","13","placeInfos","place-infos","3","place-infos:200","[""dog policy"",""Wi-Fi"",""entrances"",""toilet detail"",""access summary"",""hearing/media support""]","{}","Test","CCBY","catalogue marks reusable; verify source terms","[]","https://www.accessibility.cloud/sources/57HZPLZfYaDwNxLFY","https://bochum.wheelmap.pro"
"Yra2ze6vW9ttX7Tiz","Pfotenpiloten","dog policy","consider for current regions","Pet policy; assistance-dog policy separately","false","5","placeInfos","place-infos","3","place-infos:200","[""dog policy""]","{""berlin-mitte"":2}","Open Data Commons Open Database License","CCBY","catalogue marks reusable; verify source terms","[]","https://www.accessibility.cloud/sources/Yra2ze6vW9ttX7Tiz",""
"htHDFsGFJirDM2ypw","barrierefrei.konstanz.de","venue survey / place guide","consider for current regions","Existing places plus explicit practical facts; no broad suitability inference","false","19","placeInfos","place-infos","3","place-infos:200","[""entrances"",""toilet detail"",""access summary""]","{""berlin-mitte"":2}","ODbL v1.0","CCSA","catalogue marks reusable; verify source terms","[]","https://www.accessibility.cloud/sources/htHDFsGFJirDM2ypw",""
"o4LX2WGnJDpPdhgto","Konstanz Elevators","equipment / status","later / arrival context","Context for explicitly linked station or venue; later phase","false","1","equipmentInfos","equipment-infos","1","equipment-infos:200","[""equipment status""]","{}","ODbL","CCSA","catalogue marks reusable; verify source terms","[]","https://www.accessibility.cloud/sources/o4LX2WGnJDpPdhgto",""
"nwccXsd9WMekvFs3r","FaSta","equipment / status","hold / unavailable","Context for explicitly linked station or venue; later phase","false","0","equipmentInfos","","0","equipment-infos:200; place-infos:200; disruptions:404","[]","{}","CC-BY 4.0 International","CCBY","catalogue marks reusable; verify source terms","[""OSM identifier mapping: ref:operator_inventory"",""No rows from place/equipment probes; not proof of no upstream data""]","https://www.accessibility.cloud/sources/nwccXsd9WMekvFs3r","https://developer.deutschebahn.com/store/apis/info?name=FaSta-Station_Facilities_Status&version=v1&provider=DBOpenData"
"ghEw4XyFpQNLMC45w","Places from ‘Places and Facilities Survey’","venue survey / place guide","consider for current regions","Existing places plus explicit practical facts; no broad suitability inference","true","1","placeInfos","place-infos","1","equipment-infos:200; place-infos:200","[""entrances"",""toilet detail"",""access summary""]","{""berlin-mitte"":1}","ODbL","CCSA","catalogue marks reusable; verify source terms","[]","https://www.accessibility.cloud/sources/ghEw4XyFpQNLMC45w",""
"nD9gxnEBgnvaDMXRX","Facilities from ‘Places and Facilities Survey’","equipment / status","later / arrival context","Context for explicitly linked station or venue; later phase","false","1","equipmentInfos","equipment-infos","2","equipment-infos:200","[""hearing/media support""]","{}","ODbL","CCSA","catalogue marks reusable; verify source terms","[]","https://www.accessibility.cloud/sources/nD9gxnEBgnvaDMXRX",""
"Q9jzJMxydegZYfFbK","StaDa","transit stops","consider for current regions","Arrival context; no route accessibility inference","true","5408","placeInfos","place-infos","3","place-infos:200","[""access summary""]","{""berlin-mitte"":8}","CC-BY 4.0 International","CCBY","catalogue marks reusable; verify source terms","[]","https://www.accessibility.cloud/sources/Q9jzJMxydegZYfFbK","https://developer.deutschebahn.com/store/apis/info?name=StaDa-Station_Data&version=v2&provider=DBOpenData"
"K6z97TJMt47eb8n4K","Orte von Langen barrierefrei","venue survey / place guide","hold / unavailable","Existing places plus explicit practical facts; no broad suitability inference","false","0","placeInfos","","0","place-infos:200; equipment-infos:200; disruptions:404","[]","{}","CC-BY 4.0 International","CCBY","catalogue marks reusable; verify source terms","[""No rows from place/equipment probes; not proof of no upstream data""]","https://www.accessibility.cloud/sources/K6z97TJMt47eb8n4K",""
"ktcpjkz9nAHW7rK83","Aufzüge von Langen barrierefrei","equipment / status","hold / unavailable","Context for explicitly linked station or venue; later phase","false","0","equipmentInfos","","0","equipment-infos:200; place-infos:200; disruptions:404","[]","{}","CC-BY 4.0 International","CCBY","catalogue marks reusable; verify source terms","[""No rows from place/equipment probes; not proof of no upstream data""]","https://www.accessibility.cloud/sources/ktcpjkz9nAHW7rK83",""
"sAhF3tjgphjWM4Mtg","Norwegian Parking Places","parking","future region / capability","Nearby designated parking; no live vacancy claim","false","463","placeInfos","place-infos","3","place-infos:200","[""access summary""]","{}","Norwegian Licence for Open Government Data (NLOD)","CCBY","catalogue marks reusable; verify source terms","[]","https://www.accessibility.cloud/sources/sAhF3tjgphjWM4Mtg",""
"LnmJGWXfxwbdDDi2u","Norwegian Bathing Ramps","outdoor places / amenities","future region / capability","Outing destinations or nearby amenities; region-specific","false","98","placeInfos","place-infos","3","place-infos:200","[""access summary""]","{}","Norwegian Licence for Open Government Data (NLOD)","CCBY","catalogue marks reusable; verify source terms","[]","https://www.accessibility.cloud/sources/LnmJGWXfxwbdDDi2u",""
"P6eAEqB5ERwWNNqhp","Norwegian Outdoor Cabins","outdoor places / amenities","future region / capability","Outing destinations or nearby amenities; region-specific","false","22","placeInfos","place-infos","3","place-infos:200","[]","{}","Norwegian Licence for Open Government Data (NLOD)","CCBY","catalogue marks reusable; verify source terms","[]","https://www.accessibility.cloud/sources/P6eAEqB5ERwWNNqhp",""
"ucuGtwhFa4gbWopH4","Norwegian Fishing Places","outdoor places / amenities","future region / capability","Outing destinations or nearby amenities; region-specific","false","549","placeInfos","place-infos","3","place-infos:200","[""access summary""]","{}","Norwegian Licence for Open Government Data (NLOD)","CCBY","catalogue marks reusable; verify source terms","[]","https://www.accessibility.cloud/sources/ucuGtwhFa4gbWopH4",""
"uwscLWLH2FyyXDDf3","Norwegian Cities Parking Places","parking","future region / capability","Nearby designated parking; no live vacancy claim","false","5992","placeInfos","place-infos","3","place-infos:200","[""access summary""]","{}","Norwegian Licence for Open Government Data (NLOD)","CCBY","catalogue marks reusable; verify source terms","[]","https://www.accessibility.cloud/sources/uwscLWLH2FyyXDDf3",""
"SZC28Pv3gYRohdmSt","Norwegian Public Toilets","public toilets","future region / capability","Nearby toilet and any explicit access/payment facts","false","811","placeInfos","place-infos","3","place-infos:200","[""access summary""]","{}","Norwegian Licence for Open Government Data (NLOD)","CCBY","catalogue marks reusable; verify source terms","[]","https://www.accessibility.cloud/sources/SZC28Pv3gYRohdmSt",""
"arJbYmDPMtK5XtHzt","Norwegian Building Entrances","venue survey / place guide","future region / capability","Existing places plus explicit practical facts; no broad suitability inference","false","9666","placeInfos","place-infos","3","place-infos:200","[""access summary""]","{}","Norwegian Licence for Open Government Data (NLOD)","CCBY","catalogue marks reusable; verify source terms","[]","https://www.accessibility.cloud/sources/arJbYmDPMtK5XtHzt",""
"WxikXc2QdGx22o8io","Norwegian Public Benches","outdoor places / amenities","future region / capability","Outing destinations or nearby amenities; region-specific","false","1452","placeInfos","place-infos","3","place-infos:200","[""access summary""]","{}","Norwegian Licence for Open Government Data (NLOD)","CCBY","catalogue marks reusable; verify source terms","[""Sample category is park; source title alone does not establish usable seating""]","https://www.accessibility.cloud/sources/WxikXc2QdGx22o8io",""
"5km2SLdXqfZwrZgDB","Norwegian Outdoor Benches","outdoor places / amenities","future region / capability","Outing destinations or nearby amenities; region-specific","false","3243","placeInfos","place-infos","3","place-infos:200","[""access summary""]","{}","Norwegian Licence for Open Government Data (NLOD)","CCBY","catalogue marks reusable; verify source terms","[""Sample category is park; source title alone does not establish usable seating""]","https://www.accessibility.cloud/sources/5km2SLdXqfZwrZgDB",""
"xvJQAJiu28wG8THaH","Norwegian BBQ places","outdoor places / amenities","future region / capability","Outing destinations or nearby amenities; region-specific","false","648","placeInfos","place-infos","3","place-infos:200","[""access summary""]","{}","Norwegian Licence for Open Government Data (NLOD)","CCBY","catalogue marks reusable; verify source terms","[]","https://www.accessibility.cloud/sources/xvJQAJiu28wG8THaH",""
"erfctmkM6wv4L9ita","Norwegian Gapahuk Cabins","outdoor places / amenities","future region / capability","Outing destinations or nearby amenities; region-specific","false","258","placeInfos","place-infos","3","place-infos:200","[""access summary""]","{}","Norwegian Licence for Open Government Data (NLOD)","CCBY","catalogue marks reusable; verify source terms","[]","https://www.accessibility.cloud/sources/erfctmkM6wv4L9ita",""
"wiEXXjhbrbS5eW4e4","Places in Starnberg","venue survey / place guide","hold / unavailable","Existing places plus explicit practical facts; no broad suitability inference","false","0","","","0","place-infos:200; equipment-infos:200; disruptions:404","[]","{}","Creative Commons Attribution License (cc-by)","CCBY","catalogue marks reusable; verify source terms","[""No rows from place/equipment probes; not proof of no upstream data""]","https://www.accessibility.cloud/sources/wiEXXjhbrbS5eW4e4",""
"HBXeYJxqxijXq6CSy","Starnberg Place Survey","venue survey / place guide","future region / capability","Existing places plus explicit practical facts; no broad suitability inference","false","31","placeInfos","place-infos","3","place-infos:200","[""entrances"",""toilet detail"",""access summary""]","{}","Creative Commons Attribution 4.0 International Public License","CCBY","catalogue marks reusable; verify source terms","[]","https://www.accessibility.cloud/sources/HBXeYJxqxijXq6CSy",""
"tGzD9DzEswmtnBuq2","GM SH Aufzüge","equipment / status","later / arrival context","Context for explicitly linked station or venue; later phase","false","4","equipmentInfos","equipment-infos","3","equipment-infos:200","[""equipment status""]","{}","CC-BY 4.0 International","CCBY","catalogue marks reusable; verify source terms","[]","https://www.accessibility.cloud/sources/tGzD9DzEswmtnBuq2",""
"WsbmSk2ujen5daLry","Schleswig Holstein GMSH","venue survey / place guide","future region / capability","Existing places plus explicit practical facts; no broad suitability inference","false","0","placeInfos","place-infos","2","place-infos:200","[""entrances"",""access summary""]","{}","Creative Commons Attribution 4.0 International Public License","CCBY","catalogue marks reusable; verify source terms","[]","https://www.accessibility.cloud/sources/WsbmSk2ujen5daLry",""
"Q867R8vjqg9wEJ3SW","Toiletten für alle","specialist support","review terms","Only when a stated condition needs it","false","167","images","place-infos","3","place-infos:200","[""access summary"",""website""]","{}","© All rights reserved","restricted","permission / terms review","[]","https://www.accessibility.cloud/sources/Q867R8vjqg9wEJ3SW","https://www.toiletten-fuer-alle.de/"
"55HNke5PmDcYn7bKz","Behindertenparkplaetze Stadt Salzburg","parking","future region / capability","Nearby designated parking; no live vacancy claim","false","309","placeInfos","place-infos","3","place-infos:200","[""access summary""]","{}","Creative Commons Namensnennung 3.0 Österreich","CCBY","catalogue marks reusable; verify source terms","[]","https://www.accessibility.cloud/sources/55HNke5PmDcYn7bKz",""
"6LHxeyQAhHuyhA9Ke","Aufzüge der Stationen der Stadt Wien","equipment / status","later / arrival context","Context for explicitly linked station or venue; later phase","false","919","placeInfos","place-infos","3","equipment-infos:200; place-infos:200","[""access summary""]","{}","Creative Commons Namensnennung 3.0 Österreich","CCBY","catalogue marks reusable; verify source terms","[]","https://www.accessibility.cloud/sources/6LHxeyQAhHuyhA9Ke",""
"XWATLf3NA778iPJTp","Berlin Behindertenparkplätze","parking","review terms","Nearby designated parking; no live vacancy claim","true","1344","placeInfos","place-infos","3","place-infos:200","[""access summary""]","{""berlin-mitte"":12}","Data licence Germany - Zero - Version 2.0","CC0","conflicting metadata; resolve attribution","[""Licence says Zero; source description says attribution (BY)""]","https://www.accessibility.cloud/sources/XWATLf3NA778iPJTp","https://fbinter.stadt-berlin.de/fb?loginkey=showMap&mapId=k_bparkplatz@senstadt"
"zFpoqetHjgGbmyHnR","Ginto.Guide","venue survey / place guide","consider for current regions","Existing places plus explicit practical facts; no broad suitability inference","true","4379","placeInfos","place-infos","3","place-infos:200","[""access summary"",""website""]","{""berlin-mitte"":1}","ODbL v1.0","CCSA","catalogue marks reusable; verify source terms","[]","https://www.accessibility.cloud/sources/zFpoqetHjgGbmyHnR","https://www.ginto.guide/"
"ZgrxE24pTiDfv7J5P","Public toilets in Berlin","public toilets","consider for current regions","Nearby toilet and any explicit access/payment facts","true","258","placeInfos","place-infos","3","place-infos:200","[""access summary"",""payment detail""]","{""berlin-mitte"":13}","Namensnennung 3.0 Deutschland (CC BY 3.0 DE)","CCBY","catalogue marks reusable; verify source terms","[]","https://www.accessibility.cloud/sources/ZgrxE24pTiDfv7J5P","https://www.berlin.de/sen/uvk/verkehr/infrastruktur/oeffentliche-toiletten/download/"
"sHeyuep6ezZCd9Bn5","Südtirol für alle","regional destination guide","review terms","Place identity and scoped access facts; mostly future regions","false","855","placeInfos","place-infos","3","place-infos:200","[""access summary""]","{}","© All rights reserved","restricted","permission / terms review","[]","https://www.accessibility.cloud/sources/sHeyuep6ezZCd9Bn5","https://www.altoadigepertutti.it/"
"stEnnLY25JNhNA5YN","Leipziger Messe Places","venue survey / place guide","future region / capability","Existing places plus explicit practical facts; no broad suitability inference","false","3","placeInfos","place-infos","3","place-infos:200","[""entrances"",""access summary"",""website""]","{}","CC-BY 4.0 International","CCBY","catalogue marks reusable; verify source terms","[]","https://www.accessibility.cloud/sources/stEnnLY25JNhNA5YN","https://www.leipziger-messe.de"
"oHeidAeqG39Rakt2c","Leipziger Messe Facilities","equipment / status","later / arrival context","Context for explicitly linked station or venue; later phase","false","3","equipmentInfos","equipment-infos","3","equipment-infos:200","[""equipment status""]","{}","CC-BY 4.0 International","CCBY","catalogue marks reusable; verify source terms","[]","https://www.accessibility.cloud/sources/oHeidAeqG39Rakt2c","https://www.leipziger-messe.de"
"rsanCCQLE8yq26CZ6","Reisen für Alle","regional destination guide","review terms","Place identity and scoped access facts; mostly future regions","false","1823","placeInfos","place-infos","3","place-infos:200","[""entrances"",""toilet detail"",""access summary"",""hearing/media support"",""website""]","{}","© Deutsches Seminar für Tourismus (DSFT) Berlin e. V.","restricted","permission / terms review","[]","https://www.accessibility.cloud/sources/rsanCCQLE8yq26CZ6","https://www.reisen-fuer-alle.de"
"bWaRzazK7tEq2hcGA","Behindertenparkplätze Fhain Kberg","parking","consider for current regions","Nearby designated parking; no live vacancy claim","true","89","placeInfos","place-infos","3","place-infos:200","[""access summary""]","{""berlin-mitte"":10}","Namensnennung 3.0 Deutschland (CC BY 3.0 DE)","CCBY","catalogue marks reusable; verify source terms","[]","https://www.accessibility.cloud/sources/bWaRzazK7tEq2hcGA",""
"QxyZ7vAMS695Bhvii","Strut","regional destination guide","review terms","Place identity and scoped access facts; mostly future regions","false","32203","placeInfos","place-infos","3","place-infos:200","[""entrances"",""access summary""]","{}","© Canadian Abilities Foundation","restricted","permission / terms review","[]","https://www.accessibility.cloud/sources/QxyZ7vAMS695Bhvii","https://www.strutcanada.com/"
"kLmSomNZnXTBH2W7v","KONE Buildings","venue survey / place guide","review terms","Existing places plus explicit practical facts; no broad suitability inference","false","3","placeInfos","place-infos","1","place-infos:200","[""website""]","{}","© Kone Terms and Conditions","restricted","permission / terms review","[]","https://www.accessibility.cloud/sources/kLmSomNZnXTBH2W7v",""
"xm6XdcZiP6bgy6Cjf","Kone Elevators","equipment / status","review terms","Context for explicitly linked station or venue; later phase","false","1","equipmentInfos","equipment-infos","1","equipment-infos:200","[""equipment status""]","{}","© Kone Terms and Conditions","restricted","permission / terms review","[]","https://www.accessibility.cloud/sources/xm6XdcZiP6bgy6Cjf",""
"zhL6MnyfRepEzHByx","ACE-Clubinitiative","venue survey / place guide","consider for current regions","Existing places plus explicit practical facts; no broad suitability inference","false","411","placeInfos","place-infos","3","place-infos:200","[""access summary""]","{""berlin-mitte"":1}","Open Data Commons Open Database License","CCBY","catalogue marks reusable; verify source terms","[]","https://www.accessibility.cloud/sources/zhL6MnyfRepEzHByx","https://www.ace.de/"
"Piy5sjn7eSG5ie3Ma","Blue Badge Parking","parking","review terms","Nearby designated parking; no live vacancy claim","false","6690","placeInfos","place-infos","3","place-infos:200","[""access summary""]","{}","Blue Badge Parking","restricted","permission / terms review","[]","https://www.accessibility.cloud/sources/Piy5sjn7eSG5ie3Ma","https://bluebadgeparking.com"
"Qmn3bxmtE7bFrdqY4","Swimming pools - Brisbane City Council","venue survey / place guide","future region / capability","Existing places plus explicit practical facts; no broad suitability inference","false","22","","place-infos","3","place-infos:200","[""access summary""]","{}","Creative Commons Attribution 4.0 International Public License","CCBY","catalogue marks reusable; verify source terms","[]","https://www.accessibility.cloud/sources/Qmn3bxmtE7bFrdqY4","https://www.data.brisbane.qld.gov.au/data/dataset/swimming-pools/resource/c09546c8-9526-4358-a1eb-81dbb224cdca?view_id=c8e8a95a-b7a7-423c-b28a-f8239b9eff32"
"dvxYrDLdMv3tdiHck","San Francisco Disabled Parking","parking","refresh before relying on it","Nearby designated parking; no live vacancy claim","true","732","placeInfos","place-infos","3","place-infos:200","[""access summary""]","{""sf-soma"":260}","ODC Public Domain Dedication and Licence","CC0","catalogue marks reusable; verify source terms","[""Description dates dataset to September 2011; refresh before relying on it""]","https://www.accessibility.cloud/sources/dvxYrDLdMv3tdiHck","https://data.sfgov.org/Transportation/Disabled-parking-spaces/76ec-bw8s/about"
"d4eXEsjFLPtn4yGEi","Accessible historical buildings in Flanders","regional destination guide","future region / capability","Place identity and scoped access facts; mostly future regions","false","12","placeInfos","place-infos","3","place-infos:200","[""access summary""]","{}","GRATIS OPEN DATA LICENTIE v1.2","CCSA","catalogue marks reusable; verify source terms","[]","https://www.accessibility.cloud/sources/d4eXEsjFLPtn4yGEi","http://data.visitflanders.org/accessibility/attractions/historical_buildings"
"BBQwnkLokb9xADdNK","Australian National Public Toilet Map","public toilets","future region / capability","Nearby toilet and any explicit access/payment facts","false","16756","placeInfos","place-infos","3","place-infos:200","[""access summary""]","{}","Open Database License","CCSA","catalogue marks reusable; verify source terms","[]","https://www.accessibility.cloud/sources/BBQwnkLokb9xADdNK","http://www.civicdata.io/dataset/national-public-toilet-map-data/resource/8a7cc861-b49b-4506-872e-2153aff575c6"
"KAxoZRxfES47ohjW4","British Parking","parking","future region / capability","Nearby designated parking; no live vacancy claim","false","4652","","place-infos","3","place-infos:200","[""access summary""]","{}","Open Government Licence for public sector information UK v3.0","CCSA","catalogue marks reusable; verify source terms","[]","https://www.accessibility.cloud/sources/KAxoZRxfES47ohjW4","https://data.gov.uk/dataset/car-parks-bpa/resource/2ca14bee-37b8-4420-b77e-77ed39c0ed2c"
"QFhBLeny7zhZs5TzE","Southern Grampians Disabled Parking","parking","future region / capability","Nearby designated parking; no live vacancy claim","false","29","placeInfos","place-infos","3","place-infos:200","[""access summary""]","{}","Creative Commons Attribution 3.0 Australia","CCBY","catalogue marks reusable; verify source terms","[]","https://www.accessibility.cloud/sources/QFhBLeny7zhZs5TzE","http://data.gov.au/dataset/southern-grampians-disabled-parking/resource/86121432-39b3-41bf-9f2c-c5a2a2e3cc6c"
"FXQ4NZTdausoXNJbm","Accessibility parking places  in France","parking","future region / capability","Nearby designated parking; no live vacancy claim","false","675","","place-infos","3","place-infos:200","[""access summary""]","{}","Open Database License","CCSA","catalogue marks reusable; verify source terms","[]","https://www.accessibility.cloud/sources/FXQ4NZTdausoXNJbm","https://www.europeandataportal.eu/data/en/dataset/accessibilite-places-de-stationnement"
"5nYmGtWywwYasksqQ","Wheelmap Kobo Survey","venue survey / place guide","candidate / regional check","Existing places plus explicit practical facts; no broad suitability inference","false","7648","placeInfos","place-infos","3","place-infos:200","[""entrances"",""toilet detail"",""access summary"",""website""]","{}","ODbL v1.0","CCSA","catalogue marks reusable; verify source terms","[""Survey is not automatically an OSM mirror; check actual lineage""]","https://www.accessibility.cloud/sources/5nYmGtWywwYasksqQ","https://wheelmap.org"
"yFxbY6A8LgPxgRtBD","City of Melbourne, Australia, Buildings Accessibility","venue survey / place guide","future region / capability","Existing places plus explicit practical facts; no broad suitability inference","false","5693","placeInfos","place-infos","3","place-infos:200","[]","{}","CC-BY 4.0 International","CCBY","catalogue marks reusable; verify source terms","[]","https://www.accessibility.cloud/sources/yFxbY6A8LgPxgRtBD","https://data.melbourne.vic.gov.au/explore/dataset/buildings-with-name-age-size-accessibility-and-bicycle-facilities/information/?disjunctive.clue_small_area&disjunctive.number_of_floors_above_ground&disjunctive.predominant_space_use&disjunctive.accessibility_type&disjunctive.accessibility_type_description&disjunctive.accessibility_rating&disjunctive.block_id"
"QgAwyzRsQGBp76n92","Public toilets in Plymouth","public toilets","future region / capability","Nearby toilet and any explicit access/payment facts","false","","","place-infos","3","place-infos:200","[""access summary""]","{}","Open Government Licence for public sector information UK v3.0","CCSA","catalogue marks reusable; verify source terms","[]","https://www.accessibility.cloud/sources/QgAwyzRsQGBp76n92","https://data.gov.uk/dataset/plymouth-public-toilets1/resource/b8797ac6-e2a0-4fed-a98b-726ae6dfd5bf"
"PgaYjWmGWrxBpEbyr","Odense Kommune -  Disabled Parking","parking","future region / capability","Nearby designated parking; no live vacancy claim","false","83","placeInfos","place-infos","3","place-infos:200","[""access summary""]","{}","Vilkår for brug af danske offentlige data  v1.0","CCBY","catalogue marks reusable; verify source terms","[]","https://www.accessibility.cloud/sources/PgaYjWmGWrxBpEbyr","http://portal.opendata.dk/dataset/parkering5b2ad/resource/e22310b4-8ac4-4b19-94f4-8690e13dee46"
"4PHKp247rmi7yaRZH","Odense Kommune - Toiletter","public toilets","future region / capability","Nearby toilet and any explicit access/payment facts","false","33","placeInfos","place-infos","3","place-infos:200","[""access summary""]","{}","Vilkår for brug af danske offentlige data  v1.0","CCBY","catalogue marks reusable; verify source terms","[]","https://www.accessibility.cloud/sources/4PHKp247rmi7yaRZH","http://portal.opendata.dk/dataset/handicap-toiletter"
"csJ982wGWz5WHYPts","Vozejkmap.cz","regional destination guide","future region / capability","Place identity and scoped access facts; mostly future regions","false","7239","placeInfos","place-infos","3","place-infos:200","[""entrances"",""toilet detail"",""access summary""]","{}","Creative Commons Attribution 4.0 International Public License","CCBY","catalogue marks reusable; verify source terms","[]","https://www.accessibility.cloud/sources/csJ982wGWz5WHYPts","http://www.vozejkmap.cz/opendata-informace"
"uCWkcqJoatN5SsGfh","Craven District Council - Public Toilet","public toilets","future region / capability","Nearby toilet and any explicit access/payment facts","false","11","","place-infos","3","place-infos:200","[""access summary""]","{}","Open Government Licence for public sector information UK v3.0","CCSA","catalogue marks reusable; verify source terms","[]","https://www.accessibility.cloud/sources/uCWkcqJoatN5SsGfh","http://www.cravendc.gov.uk/article/4923/Public-toilets"
"xhrfD2D7H7mzjMeEC","Mid and East Antrim Borough Council Off Street Car Parks","parking","future region / capability","Nearby designated parking; no live vacancy claim","false","143","placeInfos","place-infos","3","place-infos:200","[""access summary"",""payment detail""]","{}","Open Government Licence for public sector information UK v3.0","CCSA","catalogue marks reusable; verify source terms","[]","https://www.accessibility.cloud/sources/xhrfD2D7H7mzjMeEC","https://www.opendatani.gov.uk/dataset/mid-and-east-antrim-borough-council-off-street-car-parks#"
"eeqsThLommhZmgkG4","City of Port Phillip Accessible Parking","parking","future region / capability","Nearby designated parking; no live vacancy claim","false","402","placeInfos","place-infos","3","place-infos:200","[""access summary""]","{}","Attribution 2.5 Australia (CC BY 2.5 AU)","CCBY","catalogue marks reusable; verify source terms","[]","https://www.accessibility.cloud/sources/eeqsThLommhZmgkG4","https://data.gov.au/dataset/city-of-port-phillip-accessible-parking"
"2s8QZiNEtNsr3YgCe","Antrim and Newtownabbey Borough Council Car Parks","parking","future region / capability","Nearby designated parking; no live vacancy claim","false","11","placeInfos","place-infos","3","place-infos:200","[""access summary""]","{}","Open Government Licence for public sector information UK v3.0","CCSA","catalogue marks reusable; verify source terms","[]","https://www.accessibility.cloud/sources/2s8QZiNEtNsr3YgCe","https://www.opendatani.gov.uk/dataset/anbc-car-parking/resource/edb0b0b6-a656-45d0-8c50-38e5b8e1dcff"
"EzQTyL2c7ixMwgnmQ","Disabled parking spaces in the City of Nottingham","parking","future region / capability","Nearby designated parking; no live vacancy claim","false","62","placeInfos","place-infos","3","place-infos:200","[""access summary""]","{}","Open Government Licence for public sector information UK v3.0","CCSA","catalogue marks reusable; verify source terms","[]","https://www.accessibility.cloud/sources/EzQTyL2c7ixMwgnmQ","http://www.opendatanottingham.org.uk/dataset.aspx?id=25"
"Zydk7ptZfKGzTaDaF","Blueflag.Global","outdoor places / amenities","review terms","Outing destinations or nearby amenities; region-specific","false","4531","placeInfos","place-infos","3","place-infos:200","[""access summary""]","{}","© All rights reserved","restricted","permission / terms review","[]","https://www.accessibility.cloud/sources/Zydk7ptZfKGzTaDaF","https://www.blueflag.global"
"Rf3E4jqTcyTQvGNcP","Travelable Booking.com Mapathon","venue survey / place guide","extend existing mapping","Existing places plus explicit practical facts; no broad suitability inference","true","323","placeInfos","place-infos","3","place-infos:200","[""Wi-Fi"",""quietness"",""entrances"",""toilet detail"",""access summary""]","{""berlin-mitte"":1}","Open Data Commons Open Database License","CCBY","catalogue marks reusable; verify source terms","[]","https://www.accessibility.cloud/sources/Rf3E4jqTcyTQvGNcP",""
"pb6fBNtFbKn3fLPGN","Wheelmap place survey","venue survey / place guide","candidate / regional check","Existing places plus explicit practical facts; no broad suitability inference","false","6","","place-infos","3","place-infos:200","[""entrances"",""toilet detail"",""access summary""]","{}","Open Data Commons Open Database License","CCBY","catalogue marks reusable; verify source terms","[""Survey is not automatically an OSM mirror; check actual lineage""]","https://www.accessibility.cloud/sources/pb6fBNtFbKn3fLPGN","https://wheelmap.org"
"sPSreQtMg8Soy5TDr","Wheelmap Pro Demo Places","test / obsolete","skip","Keep out of ordinary place selection","false","83","placeInfos","place-infos","3","place-infos:200","[""entrances""]","{}","CC-BY 4.0 International","CCBY","catalogue marks reusable; verify source terms","[""Survey is not automatically an OSM mirror; check actual lineage""]","https://www.accessibility.cloud/sources/sPSreQtMg8Soy5TDr","https://demo.wheelmap.pro"
"v276kHvMWZkk4WFFA","Wheelmap Facility Survey","equipment / status","hold / unavailable","Context for explicitly linked station or venue; later phase","false","0","equipmentInfos","","0","equipment-infos:200; place-infos:200; disruptions:404","[]","{}","Open Data Commons Open Database License","CCBY","catalogue marks reusable; verify source terms","[""Survey is not automatically an OSM mirror; check actual lineage"",""No rows from place/equipment probes; not proof of no upstream data""]","https://www.accessibility.cloud/sources/v276kHvMWZkk4WFFA",""
"vp32burgzy4nThz6C","IncluScience (Live Survey)","specialist support","on demand only","Only when a stated condition needs it","false","284","placeInfos","place-infos","3","place-infos:200","[""entrances"",""access summary"",""hearing/media support"",""website""]","{""berlin-mitte"":1}","ODbL v1.0","CCSA","catalogue marks reusable; verify source terms","[]","https://www.accessibility.cloud/sources/vp32burgzy4nThz6C","https://incluscience.org"
"LB5rYeCZ9PxthQ3Rg","Sozialhelden e.V. - Wheelmap S","venue survey / place guide","candidate / regional check","Existing places plus explicit practical facts; no broad suitability inference","false","10484","placeInfos","place-infos","3","place-infos:200","[""entrances"",""toilet detail"",""access summary""]","{}","CC-BY 4.0 International","CCBY","catalogue marks reusable; verify source terms","[""Survey is not automatically an OSM mirror; check actual lineage""]","https://www.accessibility.cloud/sources/LB5rYeCZ9PxthQ3Rg",""
"hfbzcs3bWaXp94cxh","IncluScience E-Health Survey (deprecated)","test / obsolete","skip","Keep out of ordinary place selection","false","9","placeInfos","place-infos","3","place-infos:200","[""entrances"",""toilet detail"",""access summary""]","{}","needs clarification","restricted","permission / terms review","[]","https://www.accessibility.cloud/sources/hfbzcs3bWaXp94cxh",""
"3CNSD8rHrEyBWenef","IncluScience E-Health Survey Equipment (deprecated)","test / obsolete","skip","Keep out of ordinary place selection","false","2","equipmentInfos","","0","equipment-infos:200; place-infos:200; disruptions:404","[]","{}","ODbL","CCSA","catalogue marks reusable; verify source terms","[""No rows from place/equipment probes; not proof of no upstream data""]","https://www.accessibility.cloud/sources/3CNSD8rHrEyBWenef",""
"LiBTS67TjmBcXdEmX","Wheelmap OSM Mirror","OSM derivative","deduplicate","Refresh/link OSM records; not independent corroboration","false","1571047","placeInfos","","0","place-infos:0; equipment-infos:200; disruptions:404","[]","{}","ODbL v1.0","CCSA","catalogue marks reusable; verify source terms","[""Global sample timed out; prior regional mirror records exist""]","https://www.accessibility.cloud/sources/LiBTS67TjmBcXdEmX","https://wheelmap.org"
"cQDnWPGJmwPYGcgqx","Clean your Cup","toilet detail","consider for current regions","Private wash basin inside toilet; use only when requested","false","1601","placeInfos","place-infos","3","place-infos:200","[""toilet detail"",""access summary""]","{""berlin-mitte"":7,""sf-soma"":2}","ODbL v1.0","CCSA","catalogue marks reusable; verify source terms","[]","https://www.accessibility.cloud/sources/cQDnWPGJmwPYGcgqx",""
"Z2BJufkyvfpbNJYXH","Karlsruhe barrierefrei (original source)","venue survey / place guide","review terms","Existing places plus explicit practical facts; no broad suitability inference","false","445","placeInfos","place-infos","3","place-infos:200","[""entrances"",""toilet detail"",""access summary"",""website""]","{}","© All rights reserved","restricted","permission / terms review","[]","https://www.accessibility.cloud/sources/Z2BJufkyvfpbNJYXH","https://geoportal.karlsruhe.de/karlsruhe_barrierefrei/"
"nrGCbNqEDHiSyFk3f","Elevators in Karlsruhe (original source)","equipment / status","review terms","Context for explicitly linked station or venue; later phase","false","171","equipmentInfos","equipment-infos","3","equipment-infos:200","[]","{}","© All rights reserved","restricted","permission / terms review","[]","https://www.accessibility.cloud/sources/nrGCbNqEDHiSyFk3f","https://geoportal.karlsruhe.de/karlsruhe_barrierefrei/"
"LTZFSAHp7TnKSDPAq","Elevators in Karlsruhe (long survey)","equipment / status","later / arrival context","Context for explicitly linked station or venue; later phase","false","72","equipmentInfos","equipment-infos","3","equipment-infos:200","[""hearing/media support""]","{}","Open Data Commons Open Database License","CCBY","catalogue marks reusable; verify source terms","[]","https://www.accessibility.cloud/sources/LTZFSAHp7TnKSDPAq","https://geoportal.karlsruhe.de/karlsruhe_barrierefrei/"
"ck3gjWWq9tSdBjo3h","Places in Karlsruhe (long survey)","venue survey / place guide","consider for current regions","Existing places plus explicit practical facts; no broad suitability inference","false","505","placeInfos","place-infos","3","place-infos:200","[""entrances"",""access summary"",""hearing/media support"",""website""]","{""berlin-mitte"":3}","Open Data Commons Open Database License","CCBY","catalogue marks reusable; verify source terms","[]","https://www.accessibility.cloud/sources/ck3gjWWq9tSdBjo3h","https://geoportal.karlsruhe.de/karlsruhe_barrierefrei/"
"rYg2LC7kQosBFBzgy","Places in Karlsruhe (short survey)","venue survey / place guide","future region / capability","Existing places plus explicit practical facts; no broad suitability inference","false","2","placeInfos","place-infos","2","place-infos:200","[""entrances"",""toilet detail"",""access summary""]","{}","ODbL","CCSA","catalogue marks reusable; verify source terms","[]","https://www.accessibility.cloud/sources/rYg2LC7kQosBFBzgy","https://geoportal.karlsruhe.de/karlsruhe_barrierefrei/"
"f2EwSR5vmzfS5Hjox","VBB Stations (GTFS stops.txt) v1 (DEPRECATED)","test / obsolete","skip","Keep out of ordinary place selection","false","873","placeInfos","place-infos","3","place-infos:200","[]","{}","CC-BY 4.0 International","CCBY","catalogue marks reusable; verify source terms","[""OSM identifier mapping: ref:operator_inventory""]","https://www.accessibility.cloud/sources/f2EwSR5vmzfS5Hjox","https://www.vbb.de/vbb-services/api-open-data/datensaetze/"
"ZpdNXw3AJpphwn68T","VBB Facilities (DB Regio)","equipment / status","later / arrival context","Context for explicitly linked station or venue; later phase","false","85","equipmentInfos","equipment-infos","3","equipment-infos:200","[]","{}","CC-BY 4.0 International","CCBY","catalogue marks reusable; verify source terms","[]","https://www.accessibility.cloud/sources/ZpdNXw3AJpphwn68T","https://www.vbb.de/vbb-services/api-open-data/"
"2QM4o9wv89Cv7wiBf","VBB Facility Status (DB Regio via Fasta API)","equipment / status","hold / unavailable","Context for explicitly linked station or venue; later phase","false","0","","","0","equipment-infos:200; place-infos:200; disruptions:404","[]","{}","CC-BY 4.0 International","CCBY","catalogue marks reusable; verify source terms","[""No rows from place/equipment probes; not proof of no upstream data""]","https://www.accessibility.cloud/sources/2QM4o9wv89Cv7wiBf","https://data.deutschebahn.com/dataset/fasta-station-facilities-status.html"
"884rq25kfFsasMGLB","VBB GTFS stops v2","transit stops","hold / unavailable","Arrival context; no route accessibility inference","false","0","placeInfos","","0","place-infos:200; equipment-infos:200; disruptions:404","[]","{}","CC-BY 4.0 International","CCBY","catalogue marks reusable; verify source terms","[""OSM identifier mapping: ref:IFOPT"",""No rows from place/equipment probes; not proof of no upstream data""]","https://www.accessibility.cloud/sources/884rq25kfFsasMGLB","https://unternehmen.vbb.de/en/digital-services/datasets/"
"Wkd92kW7X2rAsbTdH","VBB Facilities (S-Bahn)","equipment / status","later / arrival context","Context for explicitly linked station or venue; later phase","false","235","equipmentInfos","equipment-infos","3","equipment-infos:200","[""equipment status""]","{}","CC-BY 4.0 International","CCBY","catalogue marks reusable; verify source terms","[""OSM identifier mapping: ref:operator_inventory""]","https://www.accessibility.cloud/sources/Wkd92kW7X2rAsbTdH","https://www.vbb.de/vbb-services/api-open-data/"
"LPJ4hnp6ZBakMu9fq","GastRollCity","venue survey / place guide","hold / unavailable","Existing places plus explicit practical facts; no broad suitability inference","false","0","placeInfos","","0","place-infos:200; equipment-infos:200; disruptions:404","[]","{}","CC-BY 4.0 International","CCBY","catalogue marks reusable; verify source terms","[""No rows from place/equipment probes; not proof of no upstream data""]","https://www.accessibility.cloud/sources/LPJ4hnp6ZBakMu9fq",""
"caoYmnFxR9NxK98a7","Menschen-in-Hanau","venue survey / place guide","future region / capability","Existing places plus explicit practical facts; no broad suitability inference","false","105","placeInfos","place-infos","3","place-infos:200","[""entrances"",""access summary"",""hearing/media support"",""website""]","{}","ODbL v1.0","CCSA","catalogue marks reusable; verify source terms","[]","https://www.accessibility.cloud/sources/caoYmnFxR9NxK98a7","https://menschen-in-hanau.eu/community-mitmachen/unsere-projekte/hanau-barrierefrei-stadtplan/"
"3otMCdwt9F7N25Fs4","Menschen in Hanau (Aufzüge)","equipment / status","later / arrival context","Context for explicitly linked station or venue; later phase","false","15","equipmentInfos","equipment-infos","3","equipment-infos:200","[""hearing/media support""]","{}","CC-BY 4.0 International","CCBY","catalogue marks reusable; verify source terms","[]","https://www.accessibility.cloud/sources/3otMCdwt9F7N25Fs4",""
"dNktPxQgrrTzrMrHZ","Visit Flanders Open Data","regional destination guide","future region / capability","Place identity and scoped access facts; mostly future regions","false","492","placeInfos","place-infos","3","place-infos:200","[""access summary"",""website""]","{}","Free Open Data License Flanders v. 1.0","CCBY","catalogue marks reusable; verify source terms","[]","https://www.accessibility.cloud/sources/dNktPxQgrrTzrMrHZ","https://opendata.visitflanders.org/accessibility/basic_all_v2"
"7QyJzTRyrDGK73SaZ","Infoportal Barrierefrei","venue survey / place guide","future region / capability","Existing places plus explicit practical facts; no broad suitability inference","false","38601","placeInfos","place-infos","3","place-infos:200","[""access summary"",""website""]","{}","Data licence Germany – attribution – Version 2.0","CCBY","catalogue marks reusable; verify source terms","[]","https://www.accessibility.cloud/sources/7QyJzTRyrDGK73SaZ","https://www.dresden.de/apps_ext/InfoportalBarrierefreiheit_de/"
"JeJgZKn6NnLF3HoXH","Kreis Herzogtum Lauenburg barrierefrei","venue survey / place guide","future region / capability","Existing places plus explicit practical facts; no broad suitability inference","false","83","placeInfos","place-infos","3","place-infos:200","[""dog policy"",""Wi-Fi"",""entrances"",""toilet detail"",""access summary"",""hearing/media support""]","{}","Open Data Licence Version 2.0","CCBY","catalogue marks reusable; verify source terms","[]","https://www.accessibility.cloud/sources/JeJgZKn6NnLF3HoXH","https://wheelmap.org/?appId=HPH3JySbXxDv3Ybp6"
"dTRMcvagLtr2eYWZL","BIG IDeA Ontario","venue survey / place guide","future region / capability","Existing places plus explicit practical facts; no broad suitability inference","false","95","placeInfos","place-infos","3","place-infos:200","[""access summary""]","{}","ODbL v1.0","CCSA","catalogue marks reusable; verify source terms","[]","https://www.accessibility.cloud/sources/dTRMcvagLtr2eYWZL",""
"ZyDaF8ZrJeGL3m4Cq","DogMap.info","dog policy","first addition","Pet policy; assistance-dog policy separately","false","51205","","place-infos","3","place-infos:200","[""dog policy""]","{""berlin-mitte"":236}","Creative Commons Attribution License (cc-by)","CCBY","catalogue marks reusable; verify source terms","[]","https://www.accessibility.cloud/sources/ZyDaF8ZrJeGL3m4Cq","http://dogmap.info/"
"CqKRWeGt2TKXho3Bv","FHTW_Mistkuebel","test / obsolete","skip","Keep out of ordinary place selection","false","0","placeInfos","","0","place-infos:200; equipment-infos:200; disruptions:404","[]","{}","Public Domain","CC0","catalogue marks reusable; verify source terms","[""No rows from place/equipment probes; not proof of no upstream data""]","https://www.accessibility.cloud/sources/CqKRWeGt2TKXho3Bv",""
"3uquEis5eGbg6eNkK","Corona Test Practices in Germany","test / obsolete","skip","Keep out of ordinary place selection","false","343","placeInfos","place-infos","3","place-infos:200","[""access summary"",""website""]","{""berlin-mitte"":1}","Public Domain","CC0","catalogue marks reusable; verify source terms","[]","https://www.accessibility.cloud/sources/3uquEis5eGbg6eNkK",""
"K3CJDcsCWjhfjZJEL","Behindertenparkplätze in Köln","parking","future region / capability","Nearby designated parking; no live vacancy claim","false","421","placeInfos","place-infos","3","place-infos:200","[""access summary""]","{}","Namensnennung 3.0 Deutschland (CC BY 3.0 DE)","CCBY","catalogue marks reusable; verify source terms","[]","https://www.accessibility.cloud/sources/K3CJDcsCWjhfjZJEL","https://offenedaten-koeln.de/dataset/behindertenparkpl%C3%A4tze-k%C3%B6ln"
"SjQ5jfFbLBd5vzB9f","Elevators of Projekt Elevate","equipment / status","later / arrival context","Context for explicitly linked station or venue; later phase","false","6","equipmentInfos","equipment-infos","3","equipment-infos:200","[""equipment status"",""hearing/media support""]","{}","CC-BY 4.0 International","CCBY","catalogue marks reusable; verify source terms","[]","https://www.accessibility.cloud/sources/SjQ5jfFbLBd5vzB9f",""
"ezk9GRXhw2iWyFQxy","BVG Elevators (DEPRECATED)","test / obsolete","skip","Keep out of ordinary place selection","false","214","placeInfos","equipment-infos","3","equipment-infos:200","[""equipment status""]","{}","Copyright © 2018 BVG AöR","restricted","permission / terms review","[""OSM identifier mapping: ref:operator_inventory""]","https://www.accessibility.cloud/sources/ezk9GRXhw2iWyFQxy","https://www.bvg.de"
"v7c7T5ivwqdbffXQn","BVG Elevators (2025)","equipment / status","later / arrival context","Context for explicitly linked station or venue; later phase","false","185","placeInfos","equipment-infos","3","equipment-infos:200","[""equipment status""]","{}","CC-BY 4.0 International","CCBY","catalogue marks reusable; verify source terms","[]","https://www.accessibility.cloud/sources/v7c7T5ivwqdbffXQn",""
"5uyobWxG33k6fosFE","Mapy bez barier","regional destination guide","future region / capability","Place identity and scoped access facts; mostly future regions","false","48242","placeInfos","place-infos","3","place-infos:200","[""access summary"",""website""]","{}","Charta 77 Foundation  licence policy","CCBY","catalogue marks reusable; verify source terms","[]","https://www.accessibility.cloud/sources/5uyobWxG33k6fosFE","https://mapybezbarier.cz/en/export-dat"
"cZ8BAkgE8BKEAHmoY","Accessible parking in Göppingen","parking","review terms","Nearby designated parking; no live vacancy claim","false","37","placeInfos","place-infos","3","place-infos:200","[""access summary""]","{}","© All rights reserved","restricted","permission / terms review","[]","https://www.accessibility.cloud/sources/cZ8BAkgE8BKEAHmoY","https://www.goeppingen.de/start.html"
"gELM3Kkfvg8KN7BR8","Bus stations in Göppingen","transit stops","review terms","Arrival context; no route accessibility inference","false","248","placeInfos","place-infos","3","place-infos:200","[""access summary""]","{}","© All rights reserved","restricted","permission / terms review","[]","https://www.accessibility.cloud/sources/gELM3Kkfvg8KN7BR8","https://www.goeppingen.de/start.html"
"FGLQXtarhRZb4LEip","Public toilets in Göppingen","public toilets","review terms","Nearby toilet and any explicit access/payment facts","false","8","placeInfos","place-infos","3","place-infos:200","[""access summary""]","{}","© All rights reserved","restricted","permission / terms review","[]","https://www.accessibility.cloud/sources/FGLQXtarhRZb4LEip","https://www.goeppingen.de/start.html"
"FaQXu2tMNhFXidzwZ","Buildings in Göppingen","venue survey / place guide","review terms","Existing places plus explicit practical facts; no broad suitability inference","false","106","placeInfos","place-infos","3","place-infos:200","[""toilet detail"",""access summary""]","{}","© All rights reserved","restricted","permission / terms review","[]","https://www.accessibility.cloud/sources/FaQXu2tMNhFXidzwZ","https://www.goeppingen.de/start.html"
"XggSEXg6R8t36eXtv","Öffentliche Aufzüge mit Sensoren (Pilotprojekt)","equipment / status","review terms","Context for explicitly linked station or venue; later phase","false","2","equipmentInfos","equipment-infos","2","equipment-infos:200","[""equipment status"",""hearing/media support""]","{}","© All rights reserved","restricted","permission / terms review","[]","https://www.accessibility.cloud/sources/XggSEXg6R8t36eXtv",""
"7Wt8bgqpBSZiMZwt6","RBK-barrierefrei - Fragebogen v1 (Kobo)","venue survey / place guide","future region / capability","Existing places plus explicit practical facts; no broad suitability inference","false","88","placeInfos","place-infos","3","place-infos:200","[""dog policy"",""Wi-Fi"",""entrances"",""toilet detail"",""access summary"",""hearing/media support"",""website""]","{}","Open Data Licence Version 2.0","CCBY","catalogue marks reusable; verify source terms","[]","https://www.accessibility.cloud/sources/7Wt8bgqpBSZiMZwt6","https://rbk-barrierefrei.de"
"9wFxkE2pa111MDnt9","RBK-barrierefrei (Fragebogen v2 Herbst 2023)","venue survey / place guide","consider for current regions","Existing places plus explicit practical facts; no broad suitability inference","false","8","placeInfos","place-infos","3","place-infos:200","[""dog policy"",""Wi-Fi"",""entrances"",""toilet detail"",""access summary"",""hearing/media support""]","{""berlin-mitte"":1}","Open Data Licence Version 2.0","CCBY","catalogue marks reusable; verify source terms","[]","https://www.accessibility.cloud/sources/9wFxkE2pa111MDnt9","https://rbk-barrierefrei.de"
"3cnJwhqR9En4nY94C","Vienna Handicapped Parking","parking","future region / capability","Nearby designated parking; no live vacancy claim","false","559","placeInfos","place-infos","3","place-infos:200","[""access summary""]","{}","Creative Commons Namensnennung 3.0 Österreich","CCBY","catalogue marks reusable; verify source terms","[]","https://www.accessibility.cloud/sources/3cnJwhqR9En4nY94C","https://www.wien.gv.at/verkehr/parken/behindertenparkplaetze/"
"M8674omNtnuyZojWG","Toilets in Vienna","public toilets","future region / capability","Nearby toilet and any explicit access/payment facts","false","191","placeInfos","place-infos","3","place-infos:200","[""access summary""]","{}","Creative Commons Namensnennung 3.0 Österreich","CCBY","catalogue marks reusable; verify source terms","[]","https://www.accessibility.cloud/sources/M8674omNtnuyZojWG","https://www.wien.gv.at/umwelt/ma48/sauberestadt/wc/"
"fDaAEt4yCA2EZHH6X","Comune di Torino - Bagni pubblici","public toilets","future region / capability","Nearby toilet and any explicit access/payment facts","false","7","placeInfos","place-infos","3","place-infos:200","[""access summary""]","{}","Creative Commons Attribution 3.0 Unported","CCBY","catalogue marks reusable; verify source terms","[]","https://www.accessibility.cloud/sources/fDaAEt4yCA2EZHH6X","http://www.datiopen.it/it/opendata/Comune_di_Torino_Bagni_pubblici_?t=Tabella"
"rXQSEWEasPTstSbTb","Offentlige toalett","public toilets","future region / capability","Nearby toilet and any explicit access/payment facts","false","13","placeInfos","place-infos","3","place-infos:200","[""access summary""]","{}","Norwegian Licence for Open Government Data (NLOD)","CCBY","catalogue marks reusable; verify source terms","[]","https://www.accessibility.cloud/sources/rXQSEWEasPTstSbTb","http://hotell.difi.no/?dataset=stavanger/offentligetoalett"
"tjNSHGpnMjpLc57MR","Copenhagen Toiletter","public toilets","future region / capability","Nearby toilet and any explicit access/payment facts","false","218","placeInfos","place-infos","3","place-infos:200","[""access summary""]","{}","Open Data DK licens","CC0","catalogue marks reusable; verify source terms","[]","https://www.accessibility.cloud/sources/tjNSHGpnMjpLc57MR","http://data.kk.dk/dataset/toiletter"
"SophBrr6MKFdZW7zi","Public toilets in Newcastle","public toilets","future region / capability","Nearby toilet and any explicit access/payment facts","false","8","","place-infos","3","place-infos:200","[""access summary""]","{}","Open Government Licence for public sector information UK v3.0","CCSA","catalogue marks reusable; verify source terms","[]","https://www.accessibility.cloud/sources/SophBrr6MKFdZW7zi","https://datamillnorth.org/dataset/public-toilet-data"
"fwTXZmJzb2e6jRSeh","Public conveniences in Milton Keynes","public toilets","future region / capability","Nearby toilet and any explicit access/payment facts","false","8","","place-infos","3","place-infos:200","[""access summary""]","{}","Open Government Licence for public sector information UK v3.0","CCSA","catalogue marks reusable; verify source terms","[]","https://www.accessibility.cloud/sources/fwTXZmJzb2e6jRSeh","https://datahub.mksmart.org/dataset/public-conveniences-in-milton-keynes/"
"hkesW6y8BqRXGcBTb","Vancouver -  Public washrooms","public toilets","review terms","Nearby toilet and any explicit access/payment facts","false","105","placeInfos","place-infos","3","place-infos:200","[""access summary""]","{}","The Open Government Licence – Vancouver","restricted","permission / terms review","[]","https://www.accessibility.cloud/sources/hkesW6y8BqRXGcBTb","http://vancouver.ca/your-government/open-data-catalogue.aspx#tab19099"
"3PJgwk2WwXx9as6a6","Public Toilets - Bournemouth","public toilets","future region / capability","Nearby toilet and any explicit access/payment facts","false","39","placeInfos","place-infos","3","place-infos:200","[""access summary""]","{}","Open Government Licence for public sector information UK v3.0","CCSA","catalogue marks reusable; verify source terms","[]","https://www.accessibility.cloud/sources/3PJgwk2WwXx9as6a6","https://data.gov.uk/dataset/public-toilets-bournemouth/resource/761b5163-33ec-47cc-9187-ccd6ac9fa14a"
"dmoaDGJTriGjTjY4G","Accessible public toilets in Flanders & Brussels","public toilets","future region / capability","Nearby toilet and any explicit access/payment facts","false","45","placeInfos","place-infos","3","place-infos:200","[""access summary""]","{}","GRATIS OPEN DATA LICENTIE v1.2","CCSA","catalogue marks reusable; verify source terms","[]","https://www.accessibility.cloud/sources/dmoaDGJTriGjTjY4G",""
"u74JRKubTNQ8imZYG","Toilettes publiques dans le réseau RATP - France","public toilets","future region / capability","Nearby toilet and any explicit access/payment facts","false","41","placeInfos","place-infos","3","place-infos:200","[""access summary""]","{}","ODC Open Database License","CCSA","catalogue marks reusable; verify source terms","[]","https://www.accessibility.cloud/sources/u74JRKubTNQ8imZYG","http://www.data.gouv.fr/en/datasets/toilettes-publiques-dans-le-reseau-ratp/"
"pcfyWwKNDvBNcbw92","Public toilets in the Borough of Scarborough","public toilets","future region / capability","Nearby toilet and any explicit access/payment facts","false","51","placeInfos","place-infos","3","place-infos:200","[""access summary""]","{}","Open Government Licence for public sector information UK v3.0","CCSA","catalogue marks reusable; verify source terms","[]","https://www.accessibility.cloud/sources/pcfyWwKNDvBNcbw92","https://data.gov.uk/dataset/public-toilets/resource/107dacff-6f0c-4001-8623-34e8a367295b"
"y9GSpvTQsMuZDjjyw","Surf Coast Shire Public Toilets","public toilets","future region / capability","Nearby toilet and any explicit access/payment facts","false","56","placeInfos","place-infos","3","place-infos:200","[""access summary""]","{}","Creative Commons Attribution 3.0 Australia","CCBY","catalogue marks reusable; verify source terms","[]","https://www.accessibility.cloud/sources/y9GSpvTQsMuZDjjyw","https://geelongaustralia.com.au/data/item/surf-coast-shire-public-toilets.aspx"
"H7WHXo662Bt9nEiwS","Belfast City Council Public Toilet","public toilets","future region / capability","Nearby toilet and any explicit access/payment facts","false","14","placeInfos","place-infos","3","place-infos:200","[""access summary""]","{}","Open Government Licence for public sector information UK v3.0","CCSA","catalogue marks reusable; verify source terms","[]","https://www.accessibility.cloud/sources/H7WHXo662Bt9nEiwS","https://www.opendatani.gov.uk/dataset/public-toilets"
"cWfog8fnwZghH37Y3","Open Data DK - Toilets","public toilets","future region / capability","Nearby toilet and any explicit access/payment facts","false","33","placeInfos","place-infos","3","place-infos:200","[""access summary""]","{}","Odense licens","CC0","catalogue marks reusable; verify source terms","[]","https://www.accessibility.cloud/sources/cWfog8fnwZghH37Y3","https://www.europeandataportal.eu/data/en/dataset/handicap-toiletter"
"rhZR6ByP3xdgf9nCf","Toiletter ved parker og skove i Aarhus Kommune","public toilets","future region / capability","Nearby toilet and any explicit access/payment facts","false","28","","place-infos","3","place-infos:200","[""access summary""]","{}","Vilkår for brug af danske offentlige data  v1.0","CCBY","catalogue marks reusable; verify source terms","[]","https://www.accessibility.cloud/sources/rhZR6ByP3xdgf9nCf","http://portal.opendata.dk/dataset/toiletter-ved-parker-og-skove-i-aarhus-kommune"
"dgqz8b4D3b4bsdRYx","Public washrooms in City of Ottawa","public toilets","future region / capability","Nearby toilet and any explicit access/payment facts","false","174","placeInfos","place-infos","3","place-infos:200","[""access summary""]","{}","Open Data Licence Version 2.0","CCBY","catalogue marks reusable; verify source terms","[]","https://www.accessibility.cloud/sources/dgqz8b4D3b4bsdRYx","http://data.ottawa.ca/dataset/publicwashrooms"
"wKtRH79AXcAjhA4FM","Open Data Toilet Map for England & Wales","public toilets","future region / capability","Nearby toilet and any explicit access/payment facts","false","1623","placeInfos","place-infos","3","place-infos:200","[""access summary""]","{}","Open Government Licence for public sector information UK v3.0","CCSA","catalogue marks reusable; verify source terms","[]","https://www.accessibility.cloud/sources/wKtRH79AXcAjhA4FM",""
"2JnMhNvfAuGziPNoZ","WWSC Public Toilets","public toilets","future region / capability","Nearby toilet and any explicit access/payment facts","false","12","placeInfos","place-infos","3","place-infos:200","[""access summary""]","{}","Attribution 2.5 Australia (CC BY 2.5 AU)","CCBY","catalogue marks reusable; verify source terms","[]","https://www.accessibility.cloud/sources/2JnMhNvfAuGziPNoZ","https://www.data.gov.au/dataset/wwsc-public-toilets"
"FgSamQ7ix5iHnesk2","Melbourne  Wheelchair-accessible public toilets","public toilets","future region / capability","Nearby toilet and any explicit access/payment facts","false","48","placeInfos","place-infos","3","place-infos:200","[""access summary""]","{}","Creative Commons Attribution 4.0 International Public License","CCBY","catalogue marks reusable; verify source terms","[]","https://www.accessibility.cloud/sources/FgSamQ7ix5iHnesk2","https://data.melbourne.vic.gov.au/Assets-Infrastructure/Wheelchair-accessible-public-toilets/tx8h-2jgi/data"
"ebDL8JthTPELJHcNy","Edinburgh - Public Conveniences","public toilets","future region / capability","Nearby toilet and any explicit access/payment facts","false","29","","place-infos","3","place-infos:200","[""access summary""]","{}","Open Government Licence for public sector information UK v3.0","CCSA","catalogue marks reusable; verify source terms","[]","https://www.accessibility.cloud/sources/ebDL8JthTPELJHcNy","http://data.edinburghopendata.info/dataset/public-conveniences/resource/af078ecd-f1de-487e-962a-d6557d94426e"
"ek6L9PhrnWzbmbjrR","Barnet Public Toilet","public toilets","future region / capability","Nearby toilet and any explicit access/payment facts","false","26","","place-infos","3","place-infos:200","[""access summary""]","{}","Open Government Licence for public sector information UK v3.0","CCSA","catalogue marks reusable; verify source terms","[]","https://www.accessibility.cloud/sources/ek6L9PhrnWzbmbjrR","https://open.barnet.gov.uk/dataset/public-toilets-2014-15"
"Y2G2j8BJLKHekXbQE","Galway City Public WCs","public toilets","future region / capability","Nearby toilet and any explicit access/payment facts","false","7","placeInfos","place-infos","3","place-infos:200","[""access summary""]","{}","Creative Commons Attribution 4.0 International Public License","CCBY","catalogue marks reusable; verify source terms","[]","https://www.accessibility.cloud/sources/Y2G2j8BJLKHekXbQE","http://opendata.galwaycity.opendata.arcgis.com/datasets/1fd88efc0fc145e49248e4c249a9a23b_0"
"xmg5RkdYSpQrXSkTu","Wheelmap.Pro Würzburg","venue survey / place guide","candidate / regional check","Existing places plus explicit practical facts; no broad suitability inference","false","81","placeInfos","place-infos","3","place-infos:200","[""dog policy"",""Wi-Fi"",""entrances"",""toilet detail"",""access summary"",""hearing/media support""]","{}","ODbL","CCSA","catalogue marks reusable; verify source terms","[""Survey is not automatically an OSM mirror; check actual lineage""]","https://www.accessibility.cloud/sources/xmg5RkdYSpQrXSkTu",""
"P43dfNujrRawpohfS","Be. Lab","regional destination guide","review terms","Place identity and scoped access facts; mostly future regions","false","71","placeInfos","place-infos","3","place-infos:200","[""toilet detail"",""access summary"",""payment detail"",""website""]","{}","© 2019-2020 Be Institute Charitable Trust.","restricted","permission / terms review","[]","https://www.accessibility.cloud/sources/P43dfNujrRawpohfS","https://www.belab.co.nz"
"btgS3PHdXkP7FaimH","Viadrina Aufzüge","equipment / status","later / arrival context","Context for explicitly linked station or venue; later phase","false","8","equipmentInfos","equipment-infos","3","equipment-infos:200","[""equipment status""]","{}","CC-BY 4.0 International","CCBY","catalogue marks reusable; verify source terms","[]","https://www.accessibility.cloud/sources/btgS3PHdXkP7FaimH",""
"9RMgX4FEg6CTRKZhz","Viadrina-Orte","venue survey / place guide","future region / capability","Existing places plus explicit practical facts; no broad suitability inference","false","0","placeInfos","place-infos","1","place-infos:200","[""entrances""]","{}","CC-BY 4.0 International","CCBY","catalogue marks reusable; verify source terms","[]","https://www.accessibility.cloud/sources/9RMgX4FEg6CTRKZhz",""
"nifTBY9t2yePpNbwh","Projekt Elevate IoT-Sensoren","equipment / status","later / arrival context","Context for explicitly linked station or venue; later phase","false","4","equipmentInfos","equipment-infos","3","equipment-infos:200","[""equipment status"",""hearing/media support""]","{}","Creative Commons Attribution 4.0 International Public License","CCBY","catalogue marks reusable; verify source terms","[""OSM identifier mapping: ref:operator_inventory""]","https://www.accessibility.cloud/sources/nifTBY9t2yePpNbwh","https://projekt-elevate.de"
"C8z6H7P8Lm6gHgnBy","VRR-Stations","transit stops","review terms","Arrival context; no route accessibility inference","false","195","placeInfos","place-infos","3","place-infos:200","[""access summary""]","{}","© All rights reserved","restricted","permission / terms review","[]","https://www.accessibility.cloud/sources/C8z6H7P8Lm6gHgnBy",""
"ivjZJzDuyjgkws4zz","VRR-Equipment","equipment / status","later / arrival context","Context for explicitly linked station or venue; later phase","false","1793","equipmentInfos","equipment-infos","3","equipment-infos:200","[""equipment status""]","{}","Creative Commons Attribution 4.0 International Public License","CCBY","catalogue marks reusable; verify source terms","[]","https://www.accessibility.cloud/sources/ivjZJzDuyjgkws4zz",""
"xKKHGdJEzhga9u46M","Wheelmap ERGO Kobo Survey","venue survey / place guide","candidate / regional check","Existing places plus explicit practical facts; no broad suitability inference","false","48","placeInfos","place-infos","3","place-infos:200","[""dog policy"",""entrances"",""toilet detail"",""access summary""]","{}","ODbL v1.0","CCSA","catalogue marks reusable; verify source terms","[""Survey is not automatically an OSM mirror; check actual lineage""]","https://www.accessibility.cloud/sources/xKKHGdJEzhga9u46M",""
"pHRM59xa6LTArvExH","Barrierefrei in Potsdam","venue survey / place guide","future region / capability","Existing places plus explicit practical facts; no broad suitability inference","false","181","placeInfos","place-infos","3","place-infos:200","[""entrances"",""access summary"",""hearing/media support""]","{}","Open Data Commons Open Database License","CCBY","catalogue marks reusable; verify source terms","[]","https://www.accessibility.cloud/sources/pHRM59xa6LTArvExH",""
"urviWLbxqebasnxu3","MIT KIDZ","venue survey / place guide","future region / capability","Existing places plus explicit practical facts; no broad suitability inference","false","39","placeInfos","place-infos","3","place-infos:200","[""toilet detail"",""access summary"",""website""]","{}","Open Data Commons Open Database License","CCBY","catalogue marks reusable; verify source terms","[]","https://www.accessibility.cloud/sources/urviWLbxqebasnxu3",""
"bhnw4faLn7qdT26iY","nvbw Elevators","equipment / status","later / arrival context","Context for explicitly linked station or venue; later phase","false","1","equipmentInfos","equipment-infos","1","equipment-infos:200","[]","{}","ODbL v1.0","CCSA","catalogue marks reusable; verify source terms","[]","https://www.accessibility.cloud/sources/bhnw4faLn7qdT26iY","https://nvbw.de"
"KNpSzMvwdqDBZDmH5","On Wheels","venue survey / place guide","hold / unavailable","Existing places plus explicit practical facts; no broad suitability inference","false","0","placeInfos","","0","place-infos:200; equipment-infos:200; disruptions:404","[]","{}","Open Database License","CCSA","catalogue marks reusable; verify source terms","[""No rows from place/equipment probes; not proof of no upstream data""]","https://www.accessibility.cloud/sources/KNpSzMvwdqDBZDmH5","https://www.onwheelsapp.com/nl/app"
"xBakbYDCsCcBTrnhC","Places in Mainz","venue survey / place guide","future region / capability","Existing places plus explicit practical facts; no broad suitability inference","false","1","placeInfos","place-infos","1","place-infos:200","[""entrances""]","{}","CC-BY 4.0 International","CCBY","catalogue marks reusable; verify source terms","[]","https://www.accessibility.cloud/sources/xBakbYDCsCcBTrnhC",""
"poqpYn7xxmiTw84iW","Elevators in Mainz","equipment / status","later / arrival context","Context for explicitly linked station or venue; later phase","false","2","equipmentInfos","equipment-infos","2","equipment-infos:200","[""equipment status""]","{}","CC-BY 4.0 International","CCBY","catalogue marks reusable; verify source terms","[]","https://www.accessibility.cloud/sources/poqpYn7xxmiTw84iW",""
"sTn5oLurukrRuoTdi","KVB-Haltestellen","transit stops","future region / capability","Arrival context; no route accessibility inference","false","853","placeInfos","place-infos","3","place-infos:200","[]","{}","Namensnennung 3.0 Deutschland (CC BY 3.0 DE)","CCBY","catalogue marks reusable; verify source terms","[]","https://www.accessibility.cloud/sources/sTn5oLurukrRuoTdi","https://www.kvb.koeln/service/open_data.html"
"f469sczTu2DcAHdmc","KVB-Fahrtreppenstörungen","equipment / status","hold / unavailable","Context for explicitly linked station or venue; later phase","false","264","disruptions","","0","disruptions:404; place-infos:200; equipment-infos:200","[]","{}","Namensnennung 3.0 Deutschland (CC BY 3.0 DE)","CCBY","catalogue marks reusable; verify source terms","[""Disruption endpoint returned 404; inspect attached equipment status instead""]","https://www.accessibility.cloud/sources/f469sczTu2DcAHdmc","https://www.kvb.koeln/service/open_data.html"
"zSQ99xYrQ3Mx7a4ed","KVB Aufzugsstörungen","equipment / status","hold / unavailable","Context for explicitly linked station or venue; later phase","false","304","disruptions","","0","disruptions:404; place-infos:200; equipment-infos:200","[]","{}","Namensnennung 3.0 Deutschland (CC BY 3.0 DE)","CCBY","catalogue marks reusable; verify source terms","[""Disruption endpoint returned 404; inspect attached equipment status instead""]","https://www.accessibility.cloud/sources/zSQ99xYrQ3Mx7a4ed","https://www.kvb.koeln/service/open_data.html"
"GwwA3diA4pabsSL8z","KVB-Fahrtreppen","equipment / status","later / arrival context","Context for explicitly linked station or venue; later phase","false","262","placeInfos","equipment-infos","3","equipment-infos:200","[""equipment status""]","{}","Namensnennung 3.0 Deutschland (CC BY 3.0 DE)","CCBY","catalogue marks reusable; verify source terms","[]","https://www.accessibility.cloud/sources/GwwA3diA4pabsSL8z","https://www.kvb.koeln/service/open_data.html"
"9kNbftmN9H4njTQQr","KVB-Aufzüge","equipment / status","later / arrival context","Context for explicitly linked station or venue; later phase","false","63","placeInfos","equipment-infos","3","equipment-infos:200","[""equipment status""]","{}","Namensnennung 3.0 Deutschland (CC BY 3.0 DE)","CCBY","catalogue marks reusable; verify source terms","[]","https://www.accessibility.cloud/sources/9kNbftmN9H4njTQQr","https://www.kvb.koeln/service/open_data.html"
"nhwd59iv6nMPcHkuW","Behindertenparkplätze Spandau und Tempelhof-Schöneberg","parking","consider for current regions","Nearby designated parking; no live vacancy claim","true","68","placeInfos","place-infos","3","place-infos:200","[""access summary""]","{""berlin-mitte"":1}","Namensnennung 3.0 Deutschland (CC BY 3.0 DE)","CCBY","catalogue marks reusable; verify source terms","[]","https://www.accessibility.cloud/sources/nhwd59iv6nMPcHkuW",""
"rumaT5NQruxmwDPLW","Kreis Olpe (Neues Survey Herbst 2023)","venue survey / place guide","hold / unavailable","Existing places plus explicit practical facts; no broad suitability inference","false","0","placeInfos","","0","place-infos:200; equipment-infos:200; disruptions:404","[]","{}","needs clarification","restricted","permission / terms review","[""No rows from place/equipment probes; not proof of no upstream data""]","https://www.accessibility.cloud/sources/rumaT5NQruxmwDPLW","https://kreisolpe.wheelmap.pro/"
"4fMnuha37nZeotkJ8","MeiningerHotelData","venue survey / place guide","review terms","Existing places plus explicit practical facts; no broad suitability inference","false","22","placeInfos","place-infos","3","place-infos:200","[""dog policy"",""entrances"",""toilet detail"",""access summary"",""website""]","{}","needs clarification","restricted","permission / terms review","[]","https://www.accessibility.cloud/sources/4fMnuha37nZeotkJ8",""
"BENfmcs8ZQwYc2fce","photos of VBB stations","place imagery","hold / unavailable","Station identification; supplementary only","false","0","","","0","place-infos:200; equipment-infos:200; disruptions:404","[]","{}","ISC license","CCBY","catalogue marks reusable; verify source terms","[""No rows from place/equipment probes; not proof of no upstream data""]","https://www.accessibility.cloud/sources/BENfmcs8ZQwYc2fce","https://www.npmjs.com/package/vbb-station-photos"
"MxC2aZRo385MHZdRe","lieux accessibles à Nantes, association handidactique","venue survey / place guide","future region / capability","Existing places plus explicit practical facts; no broad suitability inference","false","67","placeInfos","place-infos","3","place-infos:200","[""access summary"",""hearing/media support""]","{}","ODbL","CCSA","catalogue marks reusable; verify source terms","[]","https://www.accessibility.cloud/sources/MxC2aZRo385MHZdRe","http://www.handidactique.org"
"TXMAAx5dmohFdZy5D","Accessible places in France - Accessible.net","regional destination guide","review terms","Place identity and scoped access facts; mostly future regions","false","2153","placeInfos","place-infos","3","place-infos:200","[""access summary"",""hearing/media support""]","{}","needs clarification","restricted","permission / terms review","[]","https://www.accessibility.cloud/sources/TXMAAx5dmohFdZy5D","http://accessible.net"
"Tgj8PziHi66X8wpe8","Lieux touristiques - commune d'Entre deux mers","regional destination guide","review terms","Place identity and scoped access facts; mostly future regions","false","32","placeInfos","place-infos","3","place-infos:200","[""access summary"",""hearing/media support""]","{}","needs clarification","restricted","permission / terms review","[]","https://www.accessibility.cloud/sources/Tgj8PziHi66X8wpe8","https://www.entredeuxmers.com"
"2XMR4QPYK4iMcddn3","Equipements accessibles Ville de Paris","venue survey / place guide","future region / capability","Existing places plus explicit practical facts; no broad suitability inference","false","2323","placeInfos","place-infos","3","place-infos:200","[""access summary""]","{}","ODbL","CCSA","catalogue marks reusable; verify source terms","[]","https://www.accessibility.cloud/sources/2XMR4QPYK4iMcddn3","https://www.data.gouv.fr/fr/datasets/accessibilite-des-equipements-de-la-ville-de-paris/"
"bwaFcbM6qnE4gL8xx","Marque d'État Tourisme et Handicap","regional destination guide","future region / capability","Place identity and scoped access facts; mostly future regions","false","5500","placeInfos","place-infos","3","place-infos:200","[""access summary"",""hearing/media support""]","{}","LICENCE OUVERTE","CCBY","catalogue marks reusable; verify source terms","[]","https://www.accessibility.cloud/sources/bwaFcbM6qnE4gL8xx","https://www.data.gouv.fr/fr/datasets/marque-detat-tourisme-handicap/#_"
"jMWSQZgfvGNvq2so5","Toilettes référencées par l'association afa Crohn RCH France","public toilets","review terms","Nearby toilet and any explicit access/payment facts","false","887","placeInfos","place-infos","3","place-infos:200","[""access summary""]","{}","needs clarification","restricted","permission / terms review","[]","https://www.accessibility.cloud/sources/jMWSQZgfvGNvq2so5","https://www.afa.asso.fr/article/vivre-avec/toilettes/application-afamici.html"
"2eBXGa3raxR7sdjRa","Cinemas with movie description (visual impairment) in France","cinema support","review terms","Cinema capability leads; verify requested screening separately","false","124","placeInfos","place-infos","3","place-infos:200","[""hearing/media support""]","{}","needs clarification","restricted","permission / terms review","[]","https://www.accessibility.cloud/sources/2eBXGa3raxR7sdjRa","http://retourdimage.eu/"
"6iNXuduSLsR7uej2G","Lieux touristiques en France","regional destination guide","future region / capability","Place identity and scoped access facts; mostly future regions","false","11980","placeInfos","place-infos","3","place-infos:200","[""access summary""]","{}","LICENCE OUVERTE","CCBY","catalogue marks reusable; verify source terms","[]","https://www.accessibility.cloud/sources/6iNXuduSLsR7uej2G","https://www.datatourisme.gouv.fr/"
"GGWs6LeYtkZiAaaTC","Sex shops in France","venue survey / place guide","review terms","Existing places plus explicit practical facts; no broad suitability inference","false","44","placeInfos","place-infos","3","place-infos:200","[""access summary""]","{}","needs clarification","restricted","permission / terms review","[]","https://www.accessibility.cloud/sources/GGWs6LeYtkZiAaaTC",""
"L9AQnY7zp8dMNMoPE","Maison_de_la_reussite_Ladapt","specialist support","review terms","Only when a stated condition needs it","false","27","placeInfos","place-infos","3","place-infos:200","[""access summary""]","{}","needs clarification","restricted","permission / terms review","[]","https://www.accessibility.cloud/sources/L9AQnY7zp8dMNMoPE",""
"73qzgZYL6FwBrsRFB","SplashElec","venue survey / place guide","future region / capability","Existing places plus explicit practical facts; no broad suitability inference","false","10","placeInfos","place-infos","3","place-infos:200","[""access summary""]","{}","ODbL v1.0","CCSA","catalogue marks reusable; verify source terms","[]","https://www.accessibility.cloud/sources/73qzgZYL6FwBrsRFB",""
"a7hEpRxZ9c5AxdtBx","Handisport clubs in France","specialist support","review terms","Only when a stated condition needs it","false","1393","placeInfos","place-infos","3","place-infos:200","[""access summary"",""hearing/media support""]","{}","needs clarification","restricted","permission / terms review","[]","https://www.accessibility.cloud/sources/a7hEpRxZ9c5AxdtBx","http://www.handisport.org/"
"Q7jM4aCZDX7acDk8a","Movie theaters in France with audio-description and subtitles","cinema support","review terms","Cinema capability leads; verify requested screening separately","false","86","placeInfos","place-infos","3","place-infos:200","[""hearing/media support""]","{}","needs clarification","restricted","permission / terms review","[]","https://www.accessibility.cloud/sources/Q7jM4aCZDX7acDk8a","https://www.twavox.com/fr/cine.php"
"tdPYDwi7PWE3KBnHJ","I Wheel Share","venue survey / place guide","future region / capability","Existing places plus explicit practical facts; no broad suitability inference","false","2160","placeInfos","place-infos","3","place-infos:200","[""access summary""]","{}","ODbL v1.0","CCSA","catalogue marks reusable; verify source terms","[]","https://www.accessibility.cloud/sources/tdPYDwi7PWE3KBnHJ","http://www.iwheelshare.com"
"ya6piAtfdynXKKNkQ","Toilettes Ratp","public toilets","future region / capability","Nearby toilet and any explicit access/payment facts","false","44","placeInfos","place-infos","3","place-infos:200","[""access summary""]","{}","ODbL v1.0","CCSA","catalogue marks reusable; verify source terms","[]","https://www.accessibility.cloud/sources/ya6piAtfdynXKKNkQ","http://data.iledefrance.fr"
"3H7vWGaLzWqRKqtMS","Cinemas in France","OSM derivative","deduplicate","Refresh/link OSM records; not independent corroboration","false","1769","placeInfos","place-infos","3","place-infos:200","[""access summary"",""hearing/media support""]","{}","ODbL v1.0","CCSA","catalogue marks reusable; verify source terms","[]","https://www.accessibility.cloud/sources/3H7vWGaLzWqRKqtMS","https://openstreetmap.org/"
"auy3kM4nL72qD4T6X","Liste des services disponibles en La Poste","venue survey / place guide","future region / capability","Existing places plus explicit practical facts; no broad suitability inference","false","4283","placeInfos","place-infos","3","place-infos:200","[""access summary""]","{}","ODbL","CCSA","catalogue marks reusable; verify source terms","[]","https://www.accessibility.cloud/sources/auy3kM4nL72qD4T6X","https://datanova.laposte.fr/explore/dataset/laposte_poincont"
"23cYGtMD6kzHWKbYx","Boussolus","venue survey / place guide","review terms","Existing places plus explicit practical facts; no broad suitability inference","false","6","placeInfos","place-infos","3","place-infos:200","[""access summary""]","{}","needs clarification","restricted","permission / terms review","[]","https://www.accessibility.cloud/sources/23cYGtMD6kzHWKbYx",""
